{"TaxRate":0.15,"InputPrices":[11.99,23.11,44.8,99,22.9],"TaxIncludedPrices":{"11.99":13.788499999999999,"22.90":26.334999999999997,"23.11":26.576499999999996,"44.80":51.519999999999996,"99.00":113.85}}
