{"tax_rate":0.05,"input_prices":[11.99,23.11,44.8,99,22.9],"tax_included_prices":{"11.99":12.589500000000001,"22.90":24.044999999999998,"23.11":24.2655,"44.80":47.04,"99.00":103.95}}
