{"IOManager":{"InputFilePath":"prices.txt","OutputFilePath":"result_10.json"},"TaxRate":0.1,"InputPrices":[11.99,23.11,44.8,99,22.9],"TaxIncludedPrices":{"11.99":13.189000000000002,"22.90":25.19,"23.11":25.421000000000003,"44.80":49.28,"99.00":108.9}}
