{"tax_rate":0.1,"input_prices":[11.99,23.11,44.8,99,22.9],"tax_included_prices":{"11.99":13.189000000000002,"22.90":25.19,"23.11":25.421000000000003,"44.80":49.28,"99.00":108.9}}
